Name,URL,TH_Description,EN_Description,metadata,Type,id
KING STUDIO Minimalist Wide-Leg Trousers – Dark Olive,https://drive.google.com/uc?export=download&id=12855BseKG12gvBl3fNktnM2m4dtB-U0H,"กางเกงทรงหลวมขากระบอก สีเขียวเข้ม สไตล์มินิมอล จาก KING STUDIO

กางเกงขายาวทรงหลวมที่ออกแบบมาเพื่อความเรียบง่ายและความสบายในการสวมใส่ ด้วยโทนสีเขียวเข้มที่คลาสสิก สามารถจับคู่กับเสื้อได้หลากหลายสไตล์ ทั้งแบบทางการและลำลอง ตัวกางเกงมีทรงกระบอกตรง ช่วยเพิ่มความโปร่งสบายขณะสวมใส่ และดีเทลกระเป๋าข้างเพื่อการใช้งานที่สะดวก

วัสดุ: ผ้าโพลีเอสเตอร์ผสมคอตตอน ให้สัมผัสเบาและไม่ยับง่าย

สี: เขียวเข้ม (Dark Olive)

ทรง: ทรงหลวม (Relaxed Fit) ขากระบอกตรง

เอว: เอวยางยืดด้านหลัง เพิ่มความยืดหยุ่น

ดีเทล: กระเป๋าข้าง 2 ข้าง / กระเป๋าหลัง 1 ใบ

สไตล์: มินิมอล เรียบง่าย ใส่ง่ายทุกวัน

เหมาะสำหรับ: ใส่เที่ยว เดินเล่น ทำงาน หรือสไตล์ Smart Casual

คำแนะนำในการดูแล: ซักเครื่องในน้ำเย็น หลีกเลี่ยงการใช้สารฟอกขาว และควรรีดด้วยไฟอ่อน","KING STUDIO Minimalist Wide-Leg Trousers – Dark Olive

Elevate your everyday look with these relaxed-fit, wide-leg trousers from KING STUDIO. Designed with a timeless minimalist aesthetic, the dark olive color adds a touch of sophistication while maintaining versatility. The trousers feature a comfortable straight-leg cut and practical side pockets, making them ideal for both casual and semi-formal settings.

Material: Polyester-cotton blend – lightweight and wrinkle-resistant

Color: Dark olive

Fit: Relaxed fit with straight wide legs

Waist: Elastic waistband at the back for added comfort

Details: Two side pockets / One back pocket

Style: Minimalist, easy-to-match, and everyday-friendly

Ideal for: Casual outings, city walks, office wear, or smart casual looks

Care Instructions: Machine wash cold. Do not bleach. Iron on low heat if necessary.","{
  ""product_name"": ""KING STUDIO Minimalist Wide-Leg Trousers – Dark Olive"",
  ""brand"": ""KING STUDIO"",
  ""category"": ""Men's Clothing"",
  ""type"": ""Pants"",
  ""pants_type"": ""Trousers"",
  ""style"": ""Minimalist"",
  ""color"": ""Dark Olive"",
  ""material"": ""Polyester-cotton blend"",
  ""features"": {
    ""fit"": ""Relaxed fit"",
    ""leg_style"": ""Straight wide leg"",
    ""waist"": ""Elastic waistband at the back"",
    ""pockets"": {
      ""side"": 2,
      ""back"": 1
    },
    ""wrinkle_resistant"": true,
    ""lightweight"": true
  },
  ""ideal_for"": [
    ""Casual outings"",
    ""City walks"",
    ""Office wear"",
    ""Smart casual looks""
  ],
  ""care_instructions"": [
    ""Machine wash cold"",
    ""Do not bleach"",
    ""Iron on low heat if necessary""
  ],
  ""description"": ""Elevate your everyday look with these relaxed-fit, wide-leg trousers from KING STUDIO. Designed with a timeless minimalist aesthetic, the dark olive color adds a touch of sophistication while maintaining versatility. The trousers feature a comfortable straight-leg cut and practical side pockets, making them ideal for both casual and semi-formal settings.""
}",Pants,0
URBAN EDGE Streetwear Cargo Pants – Black,https://drive.google.com/uc?export=download&id=11eliBGBJo_cKaxDf3lj3JzZlUd7Nnjm4,"กางเกงคาร์โก้ทรงหลวม สีดำ สไตล์สตรีท จาก URBAN EDGE

กางเกงคาร์โก้ขายาวทรงหลวมที่ออกแบบมาเพื่อความสะดวกสบายและสไตล์ที่โดดเด่น ด้วยสีดำที่คลาสสิกและดีเทลกระเป๋าหลายใบ เพิ่มความเท่และการใช้งานที่หลากหลาย เหมาะสำหรับการสวมใส่ในชีวิตประจำวันหรือกิจกรรมกลางแจ้ง

วัสดุ: ผ้าเดนิม ให้ความทนทานและสวมใส่สบาย

สี: ดำ

ทรง: ทรงหลวม (Relaxed Fit) ขากระบอก

เอว: เอวปกติ พร้อมกระดุมและซิป

ดีเทล: กระเป๋าข้าง 4 ข้าง / กระเป๋าหลัง 2 ใบ

สไตล์: สตรีทแวร์ เท่และทันสมัย

เหมาะสำหรับ: ใส่เที่ยว เดินเล่น หรือกิจกรรมกลางแจ้ง

คำแนะนำในการดูแล: ซักเครื่องในน้ำเย็น หลีกเลี่ยงการใช้สารฟอกขาว และควรรีดด้วยไฟอ่อน","URBAN EDGE Streetwear Cargo Pants – Black

Enhance your street style with these relaxed-fit cargo pants from URBAN EDGE. Featuring a classic black color and multiple pocket details, these pants offer both style and functionality. Perfect for daily wear or outdoor activities.

Material: Denim – durable and comfortable

Color: Black

Fit: Relaxed fit with straight legs

Waist: Regular waist with button and zip closure

Details: Four side pockets / Two back pockets

Style: Streetwear, cool and modern

Ideal for: Casual outings, city walks, or outdoor activities

Care Instructions: Machine wash cold. Do not bleach. Iron on low heat if necessary.","{""product_name"": ""URBAN EDGE Streetwear Cargo Pants – Black"", ""brand"": ""URBAN EDGE"", ""category"": ""Men's Clothing"", ""type"": ""Pants"", ""pants_type"": ""Cargo Pants"", ""style"": ""Streetwear"", ""color"": ""Black"", ""material"": ""Denim"", ""features"": {""fit"": ""Relaxed fit"", ""leg_style"": ""Straight"", ""waist"": ""Button and zip closure"", ""pockets"": {""side"": 4, ""back"": 2}, ""wrinkle_resistant"": false, ""lightweight"": false}, ""ideal_for"": [""Casual outings"", ""City walks"", ""Outdoor activities""], ""care_instructions"": [""Machine wash cold"", ""Do not bleach"", ""Iron on low heat if necessary""], ""description"": ""Enhance your street style with these relaxed-fit cargo pants from URBAN EDGE. Featuring a classic black color and multiple pocket details, these pants offer both style and functionality.""}",Pants,1
High School Relaxed Fit Black Shorts,https://drive.google.com/uc?export=download&id=1sp2XoByLaJJHcjdR46qePS5cg9oSrCYH,"กางเกงขาสั้นทรงหลวม สีดำ จาก High School

กางเกงขาสั้นทรงหลวมที่ออกแบบมาเพื่อความสบายและสไตล์ที่โดดเด่น ด้วยสีดำที่มีดีเทลการฟอกสีที่ทันสมัย สามารถจับคู่กับเสื้อผ้าได้หลากหลายสไตล์ เหมาะสำหรับการสวมใส่ในวันสบายๆ หรือการเดินเล่นในเมือง

วัสดุ: ผ้าเดนิมคุณภาพสูง ให้สัมผัสทนทานและสวมใส่สบาย

สี: ดำ

ทรง: ทรงหลวม (Relaxed Fit) ขากว้าง

เอว: เอวปกติพร้อมกระดุมและซิป

ดีเทล: กระเป๋าข้าง 2 ข้าง / กระเป๋าหลัง 2 ใบ

สไตล์: สตรีทแวร์ ทันสมัย

เหมาะสำหรับ: ใส่เที่ยว เดินเล่น หรือสไตล์ลำลอง

คำแนะนำในการดูแล: ซักเครื่องในน้ำเย็น หลีกเลี่ยงการใช้สารฟอกขาว และควรรีดด้วยไฟอ่อน","High School Relaxed Fit Black Shorts

These relaxed-fit black shorts from High School are designed for comfort and standout style. Featuring a modern washed detail, they pair effortlessly with various tops, making them perfect for casual days or city strolls.

Material: High-quality denim for durability and comfort

Color: Black

Fit: Relaxed fit with wide legs

Waist: Standard waist with button and zip closure

Details: Two side pockets / Two back pockets

Style: Streetwear, modern

Ideal for: Casual outings, city walks, or laid-back style

Care Instructions: Machine wash cold. Do not bleach. Iron on low heat if necessary.","{""product_name"": ""High School Relaxed Fit Black Shorts"", ""brand"": ""High School"", ""category"": ""Men's Clothing"", ""type"": ""Pants"", ""pants_type"": ""Shorts"", ""style"": ""Streetwear"", ""color"": ""Black"", ""material"": ""High-quality denim"", ""features"": {""fit"": ""Relaxed fit"", ""leg_style"": ""Wide-leg"", ""waist"": ""Button and zip closure"", ""pockets"": {""side"": 2, ""back"": 2}, ""wrinkle_resistant"": false, ""lightweight"": false}, ""ideal_for"": [""Casual outings"", ""City walks"", ""Laid-back style""], ""care_instructions"": [""Machine wash cold"", ""Do not bleach"", ""Iron on low heat if necessary""], ""description"": ""High School Relaxed Fit Black Shorts with modern washed detail, perfect for casual days or city strolls.""}",Pants,2
High School Relaxed Fit Denim Shorts – Blue,https://drive.google.com/uc?export=download&id=1SDzbppwZD80hR0qyVwR3YTEI7WxrTAjO,"กางเกงยีนส์ขาสั้นทรงหลวม สีฟ้า จาก High School

กางเกงยีนส์ขาสั้นที่ออกแบบมาเพื่อความสบายและสไตล์ที่โดดเด่น ด้วยสีฟ้าที่สดใสและทรงหลวมที่ให้ความรู้สึกผ่อนคลาย สามารถจับคู่กับเสื้อได้หลากหลายสไตล์ เหมาะสำหรับการสวมใส่ในวันหยุดหรือกิจกรรมกลางแจ้ง

วัสดุ: ผ้ายีนส์คุณภาพสูง ให้ความทนทานและสวมใส่สบาย

สี: ฟ้า

ทรง: ทรงหลวม (Relaxed Fit) ขากว้าง

เอว: เอวปกติ พร้อมกระดุมและซิป

ดีเทล: กระเป๋าข้าง 2 ข้าง / กระเป๋าหลัง 2 ใบ

สไตล์: ลำลองและทันสมัย

เหมาะสำหรับ: ใส่เที่ยว เดินเล่น หรือกิจกรรมกลางแจ้ง

คำแนะนำในการดูแล: ซักเครื่องในน้ำเย็น หลีกเลี่ยงการใช้สารฟอกขาว และควรตากให้แห้งในที่ร่ม","High School Relaxed Fit Denim Shorts – Blue

These relaxed-fit denim shorts from High School are designed for comfort and standout style. Featuring a vibrant blue color and a loose fit, they provide a relaxed feel and can be easily paired with various tops. Perfect for casual outings or outdoor activities.

Material: High-quality denim for durability and comfort

Color: Blue

Fit: Relaxed fit with wide legs

Waist: Regular waist with button and zip closure

Details: Two side pockets / Two back pockets

Style: Casual and trendy

Ideal for: Casual outings, walks, or outdoor activities

Care Instructions: Machine wash cold. Do not bleach. Dry in the shade.","{""product_name"": ""High School Relaxed Fit Denim Shorts – Blue"", ""brand"": ""High School"", ""category"": ""Men's Clothing"", ""type"": ""Pants"", ""pants_type"": ""Shorts"", ""style"": ""Casual"", ""color"": ""Blue"", ""material"": ""High-quality denim"", ""features"": {""fit"": ""Relaxed fit"", ""leg_style"": ""Wide-leg"", ""waist"": ""Button and zip closure"", ""pockets"": {""side"": 2, ""back"": 2}, ""wrinkle_resistant"": false, ""lightweight"": false}, ""ideal_for"": [""Casual outings"", ""Walks"", ""Outdoor activities""], ""care_instructions"": [""Machine wash cold"", ""Do not bleach"", ""Dry in the shade""], ""description"": ""Relaxed-fit denim shorts in blue, perfect for casual outings and outdoor activities.""}",Pants,3
URBAN EDGE Streetwear Wide-Leg Jeans – Light Blue,https://drive.google.com/uc?export=download&id=1ny8HiHLaCEbixJmEeZn8rEEvs9DeAq1f,"กางเกงยีนส์ทรงหลวมขากว้าง สีฟ้าอ่อน สไตล์สตรีทแวร์ จาก URBAN EDGE

กางเกงยีนส์ทรงหลวมที่ออกแบบมาเพื่อความสบายและความเท่ในทุกวัน ด้วยโทนสีฟ้าอ่อนที่สดใส สามารถจับคู่กับเสื้อได้หลากหลายสไตล์ ทั้งลำลองและสตรีท ตัวกางเกงมีทรงขากว้าง ช่วยเพิ่มความสบายขณะสวมใส่ และดีเทลกระเป๋าข้างเพื่อการใช้งานที่สะดวก

วัสดุ: ผ้ายีนส์ ให้สัมผัสทนทานและสวมใส่สบาย

สี: ฟ้าอ่อน

ทรง: ทรงหลวม (Relaxed Fit) ขากว้าง

เอว: เอวยางยืด เพิ่มความยืดหยุ่น

ดีเทล: กระเป๋าข้าง 2 ข้าง / กระเป๋าหลัง 1 ใบ

สไตล์: สตรีทแวร์ เท่ห์ ใส่ง่ายทุกวัน

เหมาะสำหรับ: ใส่เที่ยว เดินเล่น หรือสไตล์ลำลอง

คำแนะนำในการดูแล: ซักเครื่องในน้ำเย็น หลีกเลี่ยงการใช้สารฟอกขาว และควรรีดด้วยไฟอ่อน","URBAN EDGE Streetwear Wide-Leg Jeans – Light Blue

Step up your casual look with these relaxed-fit, wide-leg jeans from URBAN EDGE. Designed with a vibrant light blue hue, these jeans offer a stylish and versatile option for both casual and streetwear outfits. The wide-leg cut ensures comfort, while the practical side pockets add functionality.

Material: Denim – durable and comfortable

Color: Light blue

Fit: Relaxed fit with wide legs

Waist: Elastic waistband for added flexibility

Details: Two side pockets / One back pocket

Style: Streetwear, stylish, and everyday-friendly

Ideal for: Casual outings, city walks, or laid-back styles

Care Instructions: Machine wash cold. Do not bleach. Iron on low heat if necessary.","{""product_name"": ""URBAN EDGE Streetwear Wide-Leg Jeans – Light Blue"", ""brand"": ""URBAN EDGE"", ""category"": ""Men's Clothing"", ""type"": ""Pants"", ""pants_type"": ""Jeans"", ""style"": ""Streetwear"", ""color"": ""Light Blue"", ""material"": ""Denim"", ""features"": {""fit"": ""Relaxed fit"", ""leg_style"": ""Wide-leg"", ""waist"": ""Elastic waistband"", ""pockets"": {""side"": 2, ""back"": 1}, ""wrinkle_resistant"": false, ""lightweight"": false}, ""ideal_for"": [""Casual outings"", ""City walks"", ""Laid-back styles""], ""care_instructions"": [""Machine wash cold"", ""Do not bleach"", ""Iron on low heat if necessary""], ""description"": ""Step up your casual look with these relaxed-fit, wide-leg jeans from URBAN EDGE. Designed with a vibrant light blue hue, these jeans offer a stylish and versatile option for both casual and streetwear outfits.""}",Pants,4
URBAN CLASSICS Wide-Leg Relaxed Trousers – Chocolate,https://drive.google.com/uc?export=download&id=124FlJK5KnL_At5jaW1FiVfJSlVL9sjqo,"กางเกงทรงหลวมขากว้าง สีช็อกโกแลต สไตล์เรียบหรู จาก URBAN CLASSICS

กางเกงขายาวทรงหลวมที่ออกแบบมาเพื่อความสะดวกสบายและสไตล์ที่ทันสมัย ด้วยสีช็อกโกแลตที่อบอุ่นและหรูหรา สามารถจับคู่กับเสื้อผ้าได้หลากหลายสไตล์ กางเกงมีขากว้างที่ช่วยเพิ่มความโปร่งสบายขณะสวมใส่ และดีเทลกระเป๋าข้างเพื่อการใช้งานที่สะดวก

วัสดุ: ผ้าโพลีเอสเตอร์ผสมคอตตอน ให้สัมผัสเบาและไม่ยับง่าย

สี: ช็อกโกแลต

ทรง: ทรงหลวม (Relaxed Fit) ขากว้าง

เอว: เอวปกติพร้อมกระดุมและซิป

ดีเทล: กระเป๋าข้าง 2 ข้าง / กระเป๋าหลัง 1 ใบ

สไตล์: เรียบหรู ทันสมัย ใส่ง่ายทุกวัน

เหมาะสำหรับ: ใส่เที่ยว เดินเล่น ทำงาน หรือสไตล์ Smart Casual

คำแนะนำในการดูแล: ซักเครื่องในน้ำเย็น หลีกเลี่ยงการใช้สารฟอกขาว และควรรีดด้วยไฟอ่อน","URBAN CLASSICS Wide-Leg Relaxed Trousers – Chocolate

Enhance your wardrobe with these relaxed-fit, wide-leg trousers from URBAN CLASSICS. The luxurious chocolate color adds warmth and sophistication, making them versatile for various outfits. Featuring a comfortable wide-leg cut and practical side pockets, these trousers are perfect for both casual and semi-formal occasions.

Material: Polyester-cotton blend – lightweight and wrinkle-resistant

Color: Chocolate

Fit: Relaxed fit with wide legs

Waist: Regular waistband with button and zip closure

Details: Two side pockets / One back pocket

Style: Elegant, modern, and everyday-friendly

Ideal for: Casual outings, city walks, office wear, or smart casual looks

Care Instructions: Machine wash cold. Do not bleach. Iron on low heat if necessary.","{""product_name"": ""URBAN CLASSICS Wide-Leg Relaxed Trousers – Chocolate"", ""brand"": ""URBAN CLASSICS"", ""category"": ""Men's Clothing"", ""type"": ""Pants"", ""pants_type"": ""Trousers"", ""style"": ""Elegant"", ""color"": ""Chocolate"", ""material"": ""Polyester-cotton blend"", ""features"": {""fit"": ""Relaxed fit"", ""leg_style"": ""Wide-leg"", ""waist"": ""Regular waistband with button and zip closure"", ""pockets"": {""side"": 2, ""back"": 1}, ""wrinkle_resistant"": true, ""lightweight"": true}, ""ideal_for"": [""Office wear"", ""City walks"", ""Casual outings"", ""Smart casual occasions""], ""care_instructions"": [""Machine wash cold"", ""Do not bleach"", ""Iron on low heat if necessary""], ""description"": ""URBAN CLASSICS Wide-Leg Relaxed Trousers in Chocolate offer a luxurious and versatile option for everyday wear, featuring a comfortable fit and elegant style.""}",Pants,5
URBAN WEAR Minimalist Wide-Leg Pants – Beige,https://drive.google.com/uc?export=download&id=16wefht4w8rcrI7dDOwXIrdg_9-Qhlmm7,"กางเกงทรงขากว้าง สีเบจ สไตล์มินิมอล จาก URBAN WEAR

กางเกงขายาวทรงขากว้างที่ออกแบบมาเพื่อความสบายและความทันสมัย ด้วยโทนสีเบจที่สามารถจับคู่กับเสื้อผ้าได้หลากหลายสไตล์ ไม่ว่าจะเป็นทางการหรือลำลอง ตัวกางเกงมีเอวแบบกระดุมและซิปเพื่อความกระชับพอดี และมีกระเป๋าข้างสำหรับการใช้งานที่สะดวก

วัสดุ: ผ้าคอตตอนผสมโพลีเอสเตอร์ ให้สัมผัสนุ่มและระบายอากาศได้ดี

สี: เบจ

ทรง: ทรงขากว้าง (Wide-Leg Fit)

เอว: กระดุมและซิป

ดีเทล: กระเป๋าข้าง 2 ข้าง

สไตล์: มินิมอล เรียบง่าย ใส่ง่ายทุกวัน

เหมาะสำหรับ: ใส่ทำงาน เดินเล่น หรือสไตล์ Smart Casual

คำแนะนำในการดูแล: ซักเครื่องในน้ำเย็น หลีกเลี่ยงการใช้สารฟอกขาว และควรรีดด้วยไฟอ่อน","URBAN WEAR Minimalist Wide-Leg Pants – Beige

Enhance your modern wardrobe with these wide-leg pants from URBAN WEAR. The beige color provides versatility, making it easy to pair with various styles, whether formal or casual. Featuring a button and zip closure for a snug fit, along with practical side pockets for convenience.

Material: Cotton-polyester blend – soft and breathable

Color: Beige

Fit: Wide-leg fit

Waist: Button and zip closure

Details: Two side pockets

Style: Minimalist, easy-to-match, and everyday-friendly

Ideal for: Office wear, city walks, or smart casual occasions

Care Instructions: Machine wash cold. Do not bleach. Iron on low heat if necessary.","{""product_name"": ""URBAN WEAR Minimalist Wide-Leg Pants – Beige"", ""brand"": ""URBAN WEAR"", ""category"": ""Men's Clothing"", ""type"": ""Pants"", ""pants_type"": ""Trousers"", ""style"": ""Minimalist"", ""color"": ""Beige"", ""material"": ""Cotton-polyester blend"", ""features"": {""fit"": ""Wide-leg fit"", ""leg_style"": ""Wide-leg"", ""waist"": ""Button and zip closure"", ""pockets"": {""side"": 2, ""back"": 0}, ""wrinkle_resistant"": false, ""lightweight"": true}, ""ideal_for"": [""Office wear"", ""City walks"", ""Smart casual occasions""], ""care_instructions"": [""Machine wash cold"", ""Do not bleach"", ""Iron on low heat if necessary""], ""description"": ""URBAN WEAR Minimalist Wide-Leg Pants in beige, offering a modern and versatile look with a comfortable fit.""}",Pants,6
URBAN STYLE Casual Loose Fit Shorts – Beige,https://drive.google.com/uc?export=download&id=18RrOUk6HPYYinJk_GKhD89Ir8ck0wzl2,"กางเกงขาสั้นทรงหลวม สีเบจ สไตล์ลำลอง จาก URBAN STYLE

กางเกงขาสั้นทรงหลวมที่ออกแบบมาเพื่อความสบายในการสวมใส่ ด้วยโทนสีเบจที่เรียบง่ายและคลาสสิก สามารถจับคู่กับเสื้อได้หลากหลายสไตล์ ตัวกางเกงมีดีเทลกระเป๋าข้างที่ใช้งานได้จริง เหมาะสำหรับสวมใส่ในวันหยุดพักผ่อนหรือกิจกรรมกลางแจ้ง

วัสดุ: ผ้าคอตตอน ให้สัมผัสนุ่มสบาย

สี: เบจ

ทรง: ทรงหลวม (Relaxed Fit)

เอว: เอวปกติ พร้อมกระดุมและซิป

ดีเทล: กระเป๋าข้าง 2 ข้าง

สไตล์: ลำลอง เรียบง่าย

เหมาะสำหรับ: ใส่เที่ยวพักผ่อน กิจกรรมกลางแจ้ง หรือวันหยุดสบายๆ

คำแนะนำในการดูแล: ซักเครื่องในน้ำเย็น หลีกเลี่ยงการใช้สารฟอกขาว และควรรีดด้วยไฟอ่อน","URBAN STYLE Casual Loose Fit Shorts – Beige

Enhance your casual wardrobe with these relaxed-fit shorts from URBAN STYLE. Crafted in a classic beige tone, they offer versatility and comfort. The shorts feature practical side pockets, making them perfect for leisure days or outdoor activities.

Material: Cotton – soft and comfortable

Color: Beige

Fit: Relaxed fit

Waist: Regular waist with button and zip closure

Details: Two side pockets

Style: Casual, simple

Ideal for: Leisure outings, outdoor activities, or relaxed weekends

Care Instructions: Machine wash cold. Do not bleach. Iron on low heat if necessary.","{""product_name"": ""URBAN STYLE Casual Loose Fit Shorts – Beige"", ""brand"": ""URBAN STYLE"", ""category"": ""Men's Clothing"", ""type"": ""Pants"", ""pants_type"": ""Shorts"", ""style"": ""Casual"", ""color"": ""Beige"", ""material"": ""Cotton"", ""features"": {""fit"": ""Relaxed fit"", ""leg_style"": ""Shorts"", ""waist"": ""Button and zip closure"", ""pockets"": {""side"": 2, ""back"": 0}, ""wrinkle_resistant"": false, ""lightweight"": true}, ""ideal_for"": [""Leisure outings"", ""Outdoor activities"", ""Relaxed weekends""], ""care_instructions"": [""Machine wash cold"", ""Do not bleach"", ""Iron on low heat if necessary""], ""description"": ""URBAN STYLE Casual Loose Fit Shorts in Beige, perfect for leisure and outdoor activities with a comfortable relaxed fit.""}",Pants,7
Casual Relaxed-Fit Shorts – Beige,https://drive.google.com/uc?export=download&id=1fNHiq60TgXKc-BMzIw3M9iSTjedv399I,"กางเกงขาสั้นทรงหลวม สีเบจ สไตล์ลำลอง

กางเกงขาสั้นทรงหลวมที่ออกแบบมาเพื่อความสบายในการสวมใส่ ด้วยสีเบจที่เรียบง่ายและทันสมัย เหมาะสำหรับการสวมใส่ในวันหยุดหรือกิจกรรมกลางแจ้ง ตัวกางเกงมีเอวยางยืดและกระเป๋าข้างสองข้างเพื่อความสะดวกในการใช้งาน

วัสดุ: ผ้าฝ้ายผสมโพลีเอสเตอร์ ให้สัมผัสนุ่มและระบายอากาศได้ดี

สี: เบจ

ทรง: ทรงหลวม (Relaxed Fit) ขาสั้น

เอว: เอวยางยืด เพิ่มความยืดหยุ่น

ดีเทล: กระเป๋าข้าง 2 ข้าง

สไตล์: ลำลอง ใส่ง่ายทุกวัน

เหมาะสำหรับ: ใส่เที่ยวพักผ่อนหรือกิจกรรมกลางแจ้ง

คำแนะนำในการดูแล: ซักเครื่องในน้ำเย็น หลีกเลี่ยงการใช้สารฟอกขาว และควรรีดด้วยไฟอ่อน","Casual Relaxed-Fit Shorts – Beige

These relaxed-fit shorts are designed for comfort and ease. The simple and modern beige color makes them perfect for holidays or outdoor activities. Featuring an elastic waistband and two side pockets for added convenience.

Material: Cotton-polyester blend – soft and breathable

Color: Beige

Fit: Relaxed fit with short legs

Waist: Elastic waistband for added flexibility

Details: Two side pockets

Style: Casual and easy-to-wear

Ideal for: Leisure outings or outdoor activities

Care Instructions: Machine wash cold. Do not bleach. Iron on low heat if necessary.","{""product_name"": ""Casual Relaxed-Fit Shorts – Beige"", ""brand"": ""Generic Brand"", ""category"": ""Men's Clothing"", ""type"": ""Pants"", ""pants_type"": ""Shorts"", ""style"": ""Casual"", ""color"": ""Beige"", ""material"": ""Cotton-polyester blend"", ""features"": {""fit"": ""Relaxed fit"", ""leg_style"": ""Short"", ""waist"": ""Elastic waistband"", ""pockets"": {""side"": 2, ""back"": 0}, ""wrinkle_resistant"": false, ""lightweight"": true}, ""ideal_for"": [""Leisure outings"", ""Outdoor activities""], ""care_instructions"": [""Machine wash cold"", ""Do not bleach"", ""Iron on low heat if necessary""], ""description"": ""These relaxed-fit shorts are designed for comfort and ease, featuring a simple and modern beige color, perfect for holidays or outdoor activities.""}",Pants,8
URBAN EDGE Wide-Leg Vintage Black Jeans,https://drive.google.com/uc?export=download&id=1A2Z-TeBhkLtsfh4pQAKVurZ3gVQh0bj3,"กางเกงยีนส์ทรงขากว้าง สีดำวินเทจ สไตล์สตรีท จาก URBAN EDGE

กางเกงยีนส์ทรงขากว้างที่ออกแบบมาเพื่อความสบายและสไตล์ที่โดดเด่น โทนสีดำวินเทจเพิ่มความเท่และสามารถจับคู่กับเสื้อได้หลากหลาย ตัวกางเกงมีทรงขากว้างช่วยเพิ่มความโปร่งสบายขณะสวมใส่ พร้อมกระเป๋าข้างและกระเป๋าหลังเพื่อความสะดวกในการใช้งาน

วัสดุ: ผ้าเดนิมคุณภาพสูง ทนทานและมีสไตล์

สี: ดำวินเทจ

ทรง: ทรงขากว้าง (Wide-leg Fit)

เอว: เอวปกติ พร้อมกระดุมและซิป

ดีเทล: กระเป๋าข้าง 2 ข้าง / กระเป๋าหลัง 2 ใบ

สไตล์: สตรีท แฟชั่นทันสมัย

เหมาะสำหรับ: ใส่เที่ยว เดินเล่น หรือออกงานสไตล์ลำลอง

คำแนะนำในการดูแล: ซักเครื่องในน้ำเย็น หลีกเลี่ยงการใช้สารฟอกขาว และควรตากในที่ร่ม","URBAN EDGE Wide-Leg Vintage Black Jeans – Street Style

Step up your fashion game with these wide-leg jeans from URBAN EDGE. Designed for comfort and a standout style, the vintage black color adds a cool edge and pairs easily with various tops. Featuring a wide-leg cut for added comfort and practical side and back pockets for convenience.

Material: High-quality denim – durable and stylish

Color: Vintage black

Fit: Wide-leg fit

Waist: Standard waist with button and zip closure

Details: Two side pockets / Two back pockets

Style: Street, modern fashion

Ideal for: Casual outings, city walks, or laid-back events

Care Instructions: Machine wash cold. Avoid bleach. Hang to dry in the shade.","{""product_name"": ""URBAN EDGE Wide-Leg Vintage Black Jeans"", ""brand"": ""URBAN EDGE"", ""category"": ""Men's Clothing"", ""type"": ""Pants"", ""pants_type"": ""Jeans"", ""style"": ""Street"", ""color"": ""Vintage Black"", ""material"": ""High-quality denim"", ""features"": {""fit"": ""Wide-leg fit"", ""leg_style"": ""Wide-leg"", ""waist"": ""Button and zip closure"", ""pockets"": {""side"": 2, ""back"": 2}, ""wrinkle_resistant"": false, ""lightweight"": false}, ""ideal_for"": [""Casual outings"", ""City walks"", ""Laid-back events""], ""care_instructions"": [""Machine wash cold"", ""Avoid bleach"", ""Hang to dry in the shade""], ""description"": ""URBAN EDGE Wide-Leg Vintage Black Jeans with street style, featuring a wide-leg fit and practical pockets for casual outings.""}",Pants,9
VINTAGE STUDIO Wide-Leg Denim Cargo Pants,https://drive.google.com/uc?export=download&id=1I1bEHheek3bDREzFur646aFWF5Wrn9OR,"กางเกงยีนส์ขากว้างดีเทลกระเป๋าด้านข้าง จาก VINTAGE STUDIO

กางเกงยีนส์ขายาวทรงขากว้าง ดีไซน์ร่วมสมัยที่ให้ความคล่องตัวและเท่แบบสตรีท มาพร้อมกระเป๋าด้านข้างสองข้าง เพิ่มความสะดวกในการใช้งาน ตัดเย็บจากผ้าเดนิมคุณภาพดี ใส่สบาย ทนทาน เหมาะสำหรับทุกกิจกรรมประจำวันหรือสไตล์ลำลอง

วัสดุ: ผ้าเดนิม (Cotton 100%) ทนทานและสวมใส่สบาย
สี: ยีนส์ฟ้า (Blue Denim)
ทรง: ขากว้าง (Wide-Leg Fit)
เอว: เอวปกติ มาพร้อมกระดุมและซิปหน้า
ดีเทล: กระเป๋าข้าง 2 ข้าง / กระเป๋าหลัง 2 ใบ / กระเป๋าเสริมแบบฝาปิดด้านข้าง
สไตล์: สตรีทลำลอง คลาสสิกและใส่ง่าย
เหมาะสำหรับ: ใส่เที่ยว เดินเล่น หรือกิจกรรมกลางแจ้ง
คำแนะนำในการดูแล: ซักเครื่องในน้ำเย็น หลีกเลี่ยงการใช้สารฟอกขาว และรีดด้วยไฟอ่อน","VINTAGE STUDIO Wide-Leg Denim Cargo Pants

Upgrade your casual wardrobe with these wide-leg denim cargo pants from VINTAGE STUDIO. Crafted from premium 100% cotton denim, these pants feature a roomy, relaxed silhouette for maximum comfort and movement. Functional flap cargo pockets on both sides and classic back pockets make them both stylish and practical—ideal for everyday wear, street style, or outdoor activities.

Material: 100% Cotton denim – durable and comfortable
Color: Blue denim
Fit: Wide-leg, relaxed fit
Waist: Regular waist with button and zip closure
Details: Two side cargo pockets / Two back pockets / Flap pockets on both sides
Style: Streetwear, classic, and easy to match
Ideal for: Everyday outings, city walks, or outdoor activities
Care Instructions: Machine wash cold, do not bleach, iron on low heat if needed

","{
  ""product_name"": ""VINTAGE STUDIO Wide-Leg Denim Cargo Pants"",
  ""brand"": ""VINTAGE STUDIO"",
  ""category"": ""Men's Clothing"",
  ""type"": ""Pants"",
  ""pants_type"": ""Cargo Pants"",
  ""style"": ""Streetwear"",
  ""color"": ""Blue denim"",
  ""material"": ""100% Cotton denim"",
  ""features"": {
    ""fit"": ""Wide-leg, relaxed fit"",
    ""leg_style"": ""Wide-leg"",
    ""waist"": ""Button and zip closure"",
    ""pockets"": {
      ""side"": 2,
      ""back"": 2
    },
    ""wrinkle_resistant"": false,
    ""lightweight"": false
  },
  ""ideal_for"": [
    ""Everyday outings"",
    ""City walks"",
    ""Outdoor activities""
  ],
  ""care_instructions"": [
    ""Machine wash cold"",
    ""Do not bleach"",
    ""Iron on low heat if needed""
  ],
  ""description"": ""Wide-leg denim cargo pants from VINTAGE STUDIO crafted from 100% cotton denim, featuring functional flap side pockets and classic back pockets for a practical and stylish streetwear look.""
}
",Pants,10
VINTAGE STUDIO Black Wide-Leg Denim Cargo Pants,https://drive.google.com/uc?export=download&id=1fr2LenKc1jrAvSy4EbSdHnFQm-6EjtW9,"กางเกงยีนส์ขากว้างกระเป๋าด้านข้าง สีดำ จาก VINTAGE STUDIO

กางเกงยีนส์ขายาวทรงขากว้าง ดีไซน์เท่สไตล์สตรีท มาพร้อมกระเป๋าด้านข้างแบบฝาปิดทั้งสองข้าง เพิ่มฟังก์ชันการใช้งานและความทันสมัย ผลิตจากผ้าเดนิมคุณภาพดี สีดำเข้ม ใส่ง่าย เข้ากับทุกลุค เหมาะสำหรับวันสบาย ๆ หรือกิจกรรมกลางแจ้ง

วัสดุ: ผ้าเดนิม (Cotton 100%) ให้ความทนทานและสวมใส่สบาย
สี: ดำ (Black Denim)
ทรง: ขากว้าง (Wide-Leg Fit)
เอว: เอวปกติ พร้อมกระดุมและซิปหน้า
ดีเทล: กระเป๋าข้าง 2 ข้าง / กระเป๋าหลัง 2 ใบ / กระเป๋าด้านข้างแบบฝาปิด
สไตล์: สตรีทลำลอง ทันสมัย
เหมาะสำหรับ: ใส่เที่ยว เดินเล่น หรือทำกิจกรรมกลางแจ้ง
คำแนะนำในการดูแล: ซักเครื่องในน้ำเย็น หลีกเลี่ยงการใช้สารฟอกขาว และควรรีดด้วยไฟอ่อน","VINTAGE STUDIO Black Wide-Leg Denim Cargo Pants

Add a modern streetwear edge to your look with these black wide-leg denim cargo pants from VINTAGE STUDIO. Made from durable 100% cotton denim, these pants offer a relaxed fit for comfort and easy movement. Flap cargo pockets on both sides and classic back pockets provide utility and style—ideal for casual days, city walks, or outdoor adventures.

Material: 100% Cotton denim – durable and comfortable
Color: Black denim
Fit: Wide-leg, relaxed fit
Waist: Regular waist with button and zip closure
Details: Two side cargo pockets / Two back pockets / Flap pockets on both sides
Style: Streetwear, modern, versatile
Ideal for: Casual outings, city walks, or outdoor activities
Care Instructions: Machine wash cold, do not bleach, iron on low heat if needed","{
  ""product_name"": ""VINTAGE STUDIO Black Wide-Leg Denim Cargo Pants"",
  ""brand"": ""VINTAGE STUDIO"",
  ""category"": ""Men's Clothing"",
  ""type"": ""Pants"",
  ""pants_type"": ""Cargo Pants"",
  ""style"": ""Streetwear"",
  ""color"": ""Black denim"",
  ""material"": ""100% Cotton denim"",
  ""features"": {
    ""fit"": ""Wide-leg, relaxed fit"",
    ""leg_style"": ""Wide-leg"",
    ""waist"": ""Button and zip closure"",
    ""pockets"": {
      ""side"": 2,
      ""back"": 2
    },
    ""wrinkle_resistant"": false,
    ""lightweight"": false
  },
  ""ideal_for"": [
    ""Casual outings"",
    ""City walks"",
    ""Outdoor activities""
  ],
  ""care_instructions"": [
    ""Machine wash cold"",
    ""Do not bleach"",
    ""Iron on low heat if needed""
  ],
  ""description"": ""Black wide-leg denim cargo pants from VINTAGE STUDIO, crafted from durable 100% cotton denim with functional flap side and back pockets, designed for comfort, utility, and a modern streetwear style.""
}",Pants,11
URBAN CLASSIC Relaxed Fit Denim Shorts – Dark Blue,https://drive.google.com/uc?export=download&id=1QB-ReE8ynuYpNTGPHCgGgXaWr_90Qc82,"กางเกงยีนส์ขาสั้นทรงหลวม สีฟ้าเข้ม สไตล์ลำลอง จาก URBAN CLASSIC

กางเกงยีนส์ขาสั้นที่ออกแบบมาเพื่อความสบายและสไตล์ที่ทันสมัย ด้วยโทนสีฟ้าเข้มที่สามารถจับคู่กับเสื้อได้หลากหลายสไตล์ ตัวกางเกงมีทรงหลวมและขากว้าง ช่วยเพิ่มความคล่องตัวขณะสวมใส่ และดีเทลกระเป๋าข้างและกระเป๋าหลังเพื่อการใช้งานที่สะดวก

วัสดุ: ผ้ายีนส์คุณภาพสูง ทนทานและระบายอากาศได้ดี

สี: ฟ้าเข้ม

ทรง: ทรงหลวม (Relaxed Fit) ขากว้าง

เอว: ปิดด้วยกระดุมและซิป

ดีเทล: กระเป๋าข้าง 2 ข้าง / กระเป๋าหลัง 2 ใบ

สไตล์: ลำลอง ทันสมัย ใส่ง่ายทุกวัน

เหมาะสำหรับ: ใส่เที่ยว เดินเล่น หรือกิจกรรมกลางแจ้ง

คำแนะนำในการดูแล: ซักเครื่องในน้ำเย็น หลีกเลี่ยงการใช้สารฟอกขาว และควรตากในที่ร่ม","URBAN CLASSIC Relaxed Fit Denim Shorts – Dark Blue

Step up your casual look with these relaxed-fit denim shorts from URBAN CLASSIC. Crafted for comfort and modern style, the dark blue color pairs effortlessly with various tops. Featuring a loose fit and wide legs, these shorts offer great mobility and include practical side and back pockets for convenience.

Material: High-quality denim – durable and breathable

Color: Dark blue

Fit: Relaxed fit with wide legs

Waist: Button and zip closure

Details: Two side pockets / Two back pockets

Style: Casual, modern, and everyday-friendly

Ideal for: Casual outings, city walks, or outdoor activities

Care Instructions: Machine wash cold. Do not bleach. Dry in the shade.","{""product_name"": ""URBAN CLASSIC Relaxed Fit Denim Shorts – Dark Blue"", ""brand"": ""URBAN CLASSIC"", ""category"": ""Men's Clothing"", ""type"": ""Pants"", ""pants_type"": ""Shorts"", ""style"": ""Casual"", ""color"": ""Dark Blue"", ""material"": ""High-quality denim"", ""features"": {""fit"": ""Relaxed fit"", ""leg_style"": ""Wide-leg"", ""waist"": ""Button and zip closure"", ""pockets"": {""side"": 2, ""back"": 2}, ""wrinkle_resistant"": false, ""lightweight"": false}, ""ideal_for"": [""Casual outings"", ""City walks"", ""Outdoor activities""], ""care_instructions"": [""Machine wash cold"", ""Do not bleach"", ""Dry in the shade""], ""description"": ""URBAN CLASSIC Relaxed Fit Denim Shorts in dark blue, offering comfort and style with a loose fit and practical pockets.""}",Pants,12
URBAN WEAR Casual Straight-Leg Denim Shorts – Dark Blue,https://drive.google.com/uc?export=download&id=1gD95LaN1BhtlNBrLl_EnstVKpLQJeH9a,"กางเกงยีนส์ขาสั้นทรงตรง สีฟ้าเข้ม สไตล์ลำลอง จาก URBAN WEAR

กางเกงยีนส์ขาสั้นที่ออกแบบมาเพื่อความสบายและความทนทาน ด้วยสีฟ้าเข้มที่มีการฟอกสีเพื่อเพิ่มลุคที่ทันสมัย สามารถจับคู่กับเสื้อยืดหรือเสื้อเชิ้ตได้อย่างง่ายดาย ตัวกางเกงมีทรงตรงและกระเป๋าห้าช่องเพื่อความสะดวกในการใช้งาน

วัสดุ: ผ้ายีนส์คอตตอน 100% ให้ความทนทานและสวมใส่สบาย

สี: ฟ้าเข้ม (Dark Blue)

ทรง: ทรงตรง (Straight Fit)

เอว: เอวปกติ พร้อมกระดุมและซิป

ดีเทล: กระเป๋าหน้า 3 ข้าง / กระเป๋าหลัง 2 ใบ

สไตล์: ลำลอง ใส่ง่ายทุกวัน

เหมาะสำหรับ: ใส่เที่ยวในวันหยุด หรือกิจกรรมกลางแจ้ง

คำแนะนำในการดูแล: ซักเครื่องในน้ำเย็น หลีกเลี่ยงการใช้สารฟอกขาว และควรตากในที่ร่ม","URBAN WEAR Casual Straight-Leg Denim Shorts – Dark Blue

Experience comfort and durability with these straight-leg denim shorts from URBAN WEAR. The dark blue color with a washed effect adds a modern touch, making it easy to pair with a t-shirt or a casual shirt. The shorts feature a straight fit and five pockets for practical use.

Material: 100% Cotton denim – durable and comfortable

Color: Dark Blue

Fit: Straight fit

Waist: Regular waist with button and zip closure

Details: Three front pockets / Two back pockets

Style: Casual, easy-to-wear everyday

Ideal for: Weekend outings or outdoor activities

Care Instructions: Machine wash cold. Do not bleach. Dry in the shade.","{""product_name"": ""URBAN WEAR Casual Straight-Leg Denim Shorts – Dark Blue"", ""brand"": ""URBAN WEAR"", ""category"": ""Men's Clothing"", ""type"": ""Pants"", ""pants_type"": ""Shorts"", ""style"": ""Casual"", ""color"": ""Dark Blue"", ""material"": ""100% Cotton denim"", ""features"": {""fit"": ""Straight fit"", ""leg_style"": ""Straight"", ""waist"": ""Regular waist with button and zip closure"", ""pockets"": {""side"": 3, ""back"": 2}, ""wrinkle_resistant"": false, ""lightweight"": false}, ""ideal_for"": [""Weekend outings"", ""Outdoor activities""], ""care_instructions"": [""Machine wash cold"", ""Do not bleach"", ""Dry in the shade""], ""description"": ""URBAN WEAR Casual Straight-Leg Denim Shorts – Dark Blue. Comfortable and durable shorts with a modern washed effect, perfect for everyday casual wear.""}",Pants,13
URBAN STYLE Casual Light Blue Denim Shorts,https://drive.google.com/uc?export=download&id=1bE2xKeNmxPFk9ypLKo_MuPEf-Cr5yGea,"กางเกงยีนส์ขาสั้นทรงหลวม สีฟ้าอ่อน สไตล์ลำลอง จาก URBAN STYLE

กางเกงยีนส์ขาสั้นทรงหลวมที่ออกแบบมาเพื่อความสะดวกสบายและความทันสมัย ด้วยสีฟ้าอ่อนที่ให้ความรู้สึกสดชื่นและเหมาะกับทุกโอกาส ตัวกางเกงมีดีเทลการฟอกสีที่เพิ่มความมีสไตล์และกระเป๋าด้านหน้าสองข้างและกระเป๋าหลังสองใบเพื่อการใช้งานที่สะดวก

วัสดุ: ผ้าเดนิมคุณภาพสูง ให้ความทนทานและสวมใส่สบาย

สี: ฟ้าอ่อน

ทรง: ทรงหลวม (Relaxed Fit) ขาสั้น

เอว: เอวปกติ พร้อมกระดุมและซิป

ดีเทล: กระเป๋าข้าง 2 ข้าง / กระเป๋าหลัง 2 ใบ / การฟอกสีเพื่อความมีสไตล์

สไตล์: ลำลอง ทันสมัย เหมาะกับการแต่งตัวในชีวิตประจำวัน

เหมาะสำหรับ: ใส่เที่ยว เดินเล่น หรือกิจกรรมกลางแจ้ง

คำแนะนำในการดูแล: ซักเครื่องในน้ำเย็น หลีกเลี่ยงการใช้สารฟอกขาว และควรตากในที่ร่ม","URBAN STYLE Casual Light Blue Denim Shorts

These relaxed-fit denim shorts from URBAN STYLE are designed for comfort and modern style. The light blue color offers a refreshing look suitable for any occasion. Featuring stylish wash details and practical front and back pockets, these shorts are perfect for everyday wear.

Material: High-quality denim for durability and comfort

Color: Light blue

Fit: Relaxed fit, short length

Waist: Regular waist with button and zip closure

Details: Two side pockets / Two back pockets / Stylish wash details

Style: Casual, modern, perfect for everyday wear

Ideal for: Casual outings, city walks, or outdoor activities

Care Instructions: Machine wash cold. Do not bleach. Dry in the shade.","{""product_name"": ""URBAN STYLE Casual Light Blue Denim Shorts"", ""brand"": ""URBAN STYLE"", ""category"": ""Men's Clothing"", ""type"": ""Pants"", ""pants_type"": ""Shorts"", ""style"": ""Casual"", ""color"": ""Light Blue"", ""material"": ""High-quality denim"", ""features"": {""fit"": ""Relaxed fit"", ""leg_style"": ""Short"", ""waist"": ""Regular waist with button and zip closure"", ""pockets"": {""side"": 2, ""back"": 2}, ""wrinkle_resistant"": false, ""lightweight"": false}, ""ideal_for"": [""Casual outings"", ""City walks"", ""Outdoor activities""], ""care_instructions"": [""Machine wash cold"", ""Do not bleach"", ""Dry in the shade""], ""description"": ""URBAN STYLE Casual Light Blue Denim Shorts are designed for comfort and modern style, featuring stylish wash details and practical pockets.""}",Pants,14
Classic Straight-Leg Trousers – Olive Green,https://drive.google.com/uc?export=download&id=1QBIZM--f6UbabrXI9BBOP7nry9s0PCad,"กางเกงขายาวทรงตรง สีเขียวมะกอก สไตล์คลาสสิก

กางเกงขายาวทรงตรงที่ออกแบบมาเพื่อความเรียบง่ายและความสบายในการสวมใส่ ด้วยโทนสีเขียวมะกอกที่ให้ความรู้สึกสงบและคลาสสิก สามารถจับคู่กับเสื้อได้หลากหลายสไตล์ ทั้งแบบทางการและลำลอง ตัวกางเกงมีดีเทลกระดุมด้านหน้าและกระเป๋าข้างเพื่อการใช้งานที่สะดวก

วัสดุ: ผ้าโพลีเอสเตอร์ผสม ให้สัมผัสเบาและไม่ยับง่าย

สี: เขียวมะกอก

ทรง: ทรงตรง

เอว: เอวปกติพร้อมกระดุมและซิป

ดีเทล: กระเป๋าข้าง 2 ข้าง / กระเป๋าหลัง 1 ใบ

สไตล์: คลาสสิก เรียบง่าย ใส่ง่ายทุกวัน

เหมาะสำหรับ: ใส่ทำงาน เดินเล่น หรือสไตล์ Smart Casual

คำแนะนำในการดูแล: ซักเครื่องในน้ำเย็น หลีกเลี่ยงการใช้สารฟอกขาว และควรรีดด้วยไฟอ่อน","Classic Straight-Leg Trousers – Olive Green

These straight-leg trousers are designed for simplicity and comfort, featuring a calming and classic olive green color. They pair effortlessly with a variety of tops, suitable for both formal and casual settings. The trousers include front button details and practical side pockets for convenience.

Material: Polyester blend – lightweight and wrinkle-resistant

Color: Olive green

Fit: Straight fit

Waist: Regular waist with button and zip closure

Details: Two side pockets / One back pocket

Style: Classic, simple, and everyday-friendly

Ideal for: Office wear, city walks, or smart casual looks

Care Instructions: Machine wash cold. Do not bleach. Iron on low heat if necessary.","{""product_name"": ""Classic Straight-Leg Trousers – Olive Green"", ""brand"": ""Generic"", ""category"": ""Men's Clothing"", ""type"": ""Pants"", ""pants_type"": ""Trousers"", ""style"": ""Classic"", ""color"": ""Olive Green"", ""material"": ""Polyester blend"", ""features"": {""fit"": ""Straight fit"", ""leg_style"": ""Straight"", ""waist"": ""Button and zip closure"", ""pockets"": {""side"": 2, ""back"": 1}, ""wrinkle_resistant"": true, ""lightweight"": true}, ""ideal_for"": [""Office wear"", ""City walks"", ""Smart casual occasions""], ""care_instructions"": [""Machine wash cold"", ""Do not bleach"", ""Iron on low heat if necessary""], ""description"": ""Classic straight-leg trousers in olive green, ideal for both formal and casual settings.""}",Pants,15
URBAN CHIC Classic Straight-Leg Trousers – Beige,https://drive.google.com/uc?export=download&id=1TvEzCveXhTqQ3C2TDD-ENXxceWma8VqN,"กางเกงขายาวทรงกระบอก สีเบจ สไตล์คลาสสิก จาก URBAN CHIC

กางเกงขายาวทรงกระบอกที่ออกแบบมาเพื่อความสบายและความเรียบหรู ด้วยโทนสีเบจที่เรียบง่ายและมีสไตล์ สามารถจับคู่กับเสื้อได้หลากหลายรูปแบบ เหมาะสำหรับใส่ในโอกาสทางการและลำลอง ตัวกางเกงมีดีเทลจีบด้านหน้าและกระเป๋าข้าง เพิ่มความสะดวกในการใช้งาน

วัสดุ: ผ้าฝ้ายผสมโพลีเอสเตอร์ ให้สัมผัสนุ่มและระบายอากาศได้ดี

สี: เบจ

ทรง: ทรงกระบอก (Straight Fit)

เอว: เอวปกติพร้อมกระดุมและซิป

ดีเทล: กระเป๋าข้าง 2 ข้าง / กระเป๋าหลัง 1 ใบ / จีบด้านหน้า

สไตล์: คลาสสิก เรียบหรู

เหมาะสำหรับ: ใส่ทำงาน ประชุม หรือออกงานสังคม

คำแนะนำในการดูแล: ซักเครื่องในน้ำเย็น หลีกเลี่ยงการใช้สารฟอกขาว และควรรีดด้วยไฟอ่อน","URBAN CHIC Classic Straight-Leg Trousers – Beige

Enhance your wardrobe with these classic straight-leg trousers from URBAN CHIC. Designed with a simple yet stylish beige tone, these trousers are versatile enough to pair with various tops, suitable for both formal and casual occasions. Featuring front pleats and side pockets, they offer both style and practicality.

Material: Cotton-polyester blend – soft and breathable

Color: Beige

Fit: Straight fit

Waist: Regular waist with button and zip closure

Details: Two side pockets / One back pocket / Front pleats

Style: Classic, elegant

Ideal for: Office wear, meetings, or social events

Care Instructions: Machine wash cold. Do not bleach. Iron on low heat if necessary.","{""product_name"": ""URBAN CHIC Classic Straight-Leg Trousers – Beige"", ""brand"": ""URBAN CHIC"", ""category"": ""Men's Clothing"", ""type"": ""Pants"", ""pants_type"": ""Trousers"", ""style"": ""Classic"", ""color"": ""Beige"", ""material"": ""Cotton-polyester blend"", ""features"": {""fit"": ""Straight fit"", ""leg_style"": ""Straight"", ""waist"": ""Button and zip closure"", ""pockets"": {""side"": 2, ""back"": 1}, ""wrinkle_resistant"": false, ""lightweight"": true}, ""ideal_for"": [""Office wear"", ""Meetings"", ""Social events""], ""care_instructions"": [""Machine wash cold"", ""Do not bleach"", ""Iron on low heat if necessary""], ""description"": ""Classic straight-leg trousers in beige with front pleats and side pockets, ideal for formal and casual occasions.""}",Pants,16
Classic Straight-Leg Trousers – Navy,https://drive.google.com/uc?export=download&id=1jaPIOigOCXxSGAIX3HYNlkS87acZy__h,"กางเกงขายาวทรงตรง สีกรมท่า สไตล์คลาสสิก

กางเกงขายาวทรงตรงที่ออกแบบมาเพื่อความเรียบหรูและความสบายในการสวมใส่ ด้วยโทนสีกรมท่าที่ดูดีและสามารถจับคู่กับเสื้อได้หลากหลายสไตล์ เหมาะสำหรับการสวมใส่ในโอกาสทางการและลำลอง ตัวกางเกงมีดีเทลกระดุมด้านหน้าเพิ่มความโดดเด่น

วัสดุ: ผ้าวูลผสมโพลีเอสเตอร์ ให้สัมผัสนุ่มและคงทน

สี: กรมท่า

ทรง: ทรงตรง (Straight Fit)

เอว: เอวปกติ พร้อมกระดุมด้านหน้า

ดีเทล: กระดุมด้านหน้า 2 เม็ด / กระเป๋าข้าง 2 ข้าง

สไตล์: คลาสสิก เรียบง่าย

เหมาะสำหรับ: ใส่ทำงาน ประชุม หรือโอกาสทางการ

คำแนะนำในการดูแล: ซักแห้งเท่านั้น หลีกเลี่ยงการใช้สารฟอกขาว และควรรีดด้วยไฟอ่อน","Classic Straight-Leg Trousers – Navy

These straight-leg trousers are designed for elegance and comfort, featuring a versatile navy color that pairs well with various styles. Ideal for both formal and casual occasions, the trousers have front button details that add a touch of sophistication.

Material: Wool-polyester blend – soft and durable

Color: Navy

Fit: Straight fit

Waist: Regular waist with front buttons

Details: Two front buttons / Two side pockets

Style: Classic, simple

Ideal for: Office wear, meetings, or formal occasions

Care Instructions: Dry clean only. Do not bleach. Iron on low heat.","{""product_name"": ""Classic Straight-Leg Trousers – Navy"", ""brand"": ""Unknown"", ""category"": ""Men's Clothing"", ""type"": ""Pants"", ""pants_type"": ""Trousers"", ""style"": ""Classic"", ""color"": ""Navy"", ""material"": ""Wool-polyester blend"", ""features"": {""fit"": ""Straight fit"", ""leg_style"": ""Straight"", ""waist"": ""Regular waist with front buttons"", ""pockets"": {""side"": 2, ""back"": 0}, ""wrinkle_resistant"": false, ""lightweight"": false}, ""ideal_for"": [""Office wear"", ""Meetings"", ""Formal occasions""], ""care_instructions"": [""Dry clean only"", ""Do not bleach"", ""Iron on low heat""], ""description"": ""Classic straight-leg trousers in navy, ideal for formal and casual occasions with front button details.""}",Pants,17
VINTAGE STUDIO Minimalist Straight-Leg Trousers – Black,https://drive.google.com/uc?export=download&id=1JizJ3eu0pFASl17ALeVJYaqqnW5W1L0N,"กางเกงขายาวทรงตรง สีดำ สไตล์มินิมอล จาก VINTAGE STUDIO

กางเกงขายาวทรงตรงผลิตจากผ้าโพลีเอสเตอร์ผสมคุณภาพดี ให้สัมผัสเรียบเนียน น้ำหนักเบาและไม่ยับง่าย โดดเด่นด้วยดีเทลกระดุมคู่ด้านหน้า เสริมลุคสุภาพและทันสมัย มาพร้อมกระเป๋าข้างและกระเป๋าหลัง ใส่ง่ายแมทช์กับเสื้อผ้าได้หลากหลาย เหมาะกับวันทำงานหรือโอกาสกึ่งทางการ

วัสดุ: ผ้าโพลีเอสเตอร์ผสม (Polyester Blend) น้ำหนักเบาและไม่ยับง่าย
สี: ดำ (Black)
ทรง: ทรงตรง (Straight Fit)
เอว: เอวปกติ พร้อมกระดุมและซิปหน้า
ดีเทล: กระเป๋าข้าง 2 ข้าง / กระเป๋าหลัง 2 ใบ / กระดุมคู่ด้านหน้า
สไตล์: มินิมอล สุภาพ กึ่งทางการ
เหมาะสำหรับ: ใส่ทำงาน ออกงาน หรือสไตล์ Smart Casual
คำแนะนำในการดูแล: ซักเครื่องในน้ำเย็น หลีกเลี่ยงการใช้สารฟอกขาว และควรรีดด้วยไฟอ่อน","VINTAGE STUDIO Minimalist Straight-Leg Trousers – Black

Refine your smart-casual wardrobe with these minimalist straight-leg trousers from VINTAGE STUDIO. Crafted from a high-quality polyester blend, these pants are lightweight and wrinkle-resistant, featuring a stylish double-button front detail. With practical side and back pockets, they offer both function and elegance—ideal for workdays or semi-formal occasions.

Material: Polyester blend – lightweight and wrinkle-resistant
Color: Black
Fit: Straight fit
Waist: Regular waist with double button and zip closure
Details: Two side pockets / Two back pockets / Double-button front detail
Style: Minimalist, smart, semi-formal
Ideal for: Office wear, events, or smart casual looks
Care Instructions: Machine wash cold, do not bleach, iron on low heat if necessary","{
  ""product_name"": ""VINTAGE STUDIO Minimalist Straight-Leg Trousers – Black"",
  ""brand"": ""VINTAGE STUDIO"",
  ""category"": ""Men's Clothing"",
  ""type"": ""Pants"",
  ""pants_type"": ""Trousers"",
  ""style"": ""Minimalist / Smart Casual"",
  ""color"": ""Black"",
  ""material"": ""Polyester blend"",
  ""features"": {
    ""fit"": ""Straight fit"",
    ""leg_style"": ""Straight"",
    ""waist"": ""Double button and zip closure"",
    ""pockets"": {
      ""side"": 2,
      ""back"": 2
    },
    ""wrinkle_resistant"": true,
    ""lightweight"": true
  },
  ""ideal_for"": [
    ""Office wear"",
    ""Events"",
    ""Smart casual looks""
  ],
  ""care_instructions"": [
    ""Machine wash cold"",
    ""Do not bleach"",
    ""Iron on low heat if necessary""
  ],
  ""description"": ""Minimalist straight-leg trousers from VINTAGE STUDIO crafted from a lightweight, wrinkle-resistant polyester blend. Features a double-button front, side and back pockets—ideal for work or smart casual occasions.""
}",Pants,18
URBAN EDGE Classic Straight-Leg White Jeans,https://drive.google.com/uc?export=download&id=1QYe2tjKotThNPyXeoH-jrJ4VzZVOurna,"กางเกงยีนส์ทรงตรง สีขาว สไตล์คลาสสิก จาก URBAN EDGE

กางเกงยีนส์สีขาวที่ออกแบบมาเพื่อความเรียบง่ายและสไตล์ที่ไม่เคยล้าสมัย ด้วยทรงตรงที่ให้ความสบายและพอดีตัว สามารถจับคู่กับเสื้อได้หลากหลายสไตล์ ไม่ว่าจะเป็นลุคทางการหรือลำลอง ตัวกางเกงมีดีเทลกระเป๋าข้างและกระเป๋าหลังเพื่อการใช้งานที่สะดวก

วัสดุ: ผ้าเดนิมคุณภาพสูง ให้สัมผัสนุ่มและทนทาน

สี: ขาว

ทรง: ทรงตรง (Straight Fit)

เอว: เอวปกติ พร้อมกระดุมและซิป

ดีเทล: กระเป๋าข้าง 2 ข้าง / กระเป๋าหลัง 2 ใบ

สไตล์: คลาสสิก เรียบง่าย ใส่ง่ายทุกวัน

เหมาะสำหรับ: ใส่ทำงาน เดินเล่น หรือโอกาสลำลอง

คำแนะนำในการดูแล: ซักเครื่องในน้ำเย็น หลีกเลี่ยงการใช้สารฟอกขาว และควรรีดด้วยไฟอ่อน","URBAN EDGE Classic Straight-Leg White Jeans

Enhance your wardrobe with these classic white jeans from URBAN EDGE. Designed with a timeless straight fit, these jeans offer comfort and style that never goes out of fashion. Perfectly versatile, they can be paired with various tops for both formal and casual looks. The jeans feature practical side and back pockets for convenience.

Material: High-quality denim – soft and durable

Color: White

Fit: Straight fit

Waist: Regular waist with button and zip closure

Details: Two side pockets / Two back pockets

Style: Classic, simple, and everyday-friendly

Ideal for: Office wear, city walks, or casual occasions

Care Instructions: Machine wash cold. Do not bleach. Iron on low heat if necessary.","{""product_name"": ""URBAN EDGE Classic Straight-Leg White Jeans"", ""brand"": ""URBAN EDGE"", ""category"": ""Men's Clothing"", ""type"": ""Pants"", ""pants_type"": ""Jeans"", ""style"": ""Classic"", ""color"": ""White"", ""material"": ""High-quality denim"", ""features"": {""fit"": ""Straight fit"", ""leg_style"": ""Straight"", ""waist"": ""Regular waist with button and zip closure"", ""pockets"": {""side"": 2, ""back"": 2}, ""wrinkle_resistant"": false, ""lightweight"": false}, ""ideal_for"": [""Office wear"", ""City walks"", ""Casual occasions""], ""care_instructions"": [""Machine wash cold"", ""Do not bleach"", ""Iron on low heat if necessary""], ""description"": ""Classic white jeans with a straight fit, offering comfort and timeless style. Features practical side and back pockets.""}",Pants,19
DENIM STUDIO Classic Straight-Leg Jeans – Blue,https://drive.google.com/uc?export=download&id=1j2hJfjmlarm9uJ4ceHH-OUsS60EDsUZx,"กางเกงยีนส์ทรงตรง สีฟ้า จาก DENIM STUDIO

กางเกงยีนส์ทรงตรงที่ออกแบบมาเพื่อความคลาสสิกและสบายในการสวมใส่ ด้วยโทนสีฟ้าที่สามารถจับคู่กับเสื้อผ้าได้หลากหลายสไตล์ เหมาะสำหรับการสวมใส่ในชีวิตประจำวัน ตัวกางเกงมีดีเทลกระเป๋าข้างและกระเป๋าหลังเพื่อความสะดวกในการใช้งาน

วัสดุ: ผ้าเดนิมคุณภาพสูง ให้ความทนทานและสวมใส่สบาย

สี: ฟ้า

ทรง: ทรงตรง (Straight Fit)

เอว: ปิดด้วยกระดุมและซิป

ดีเทล: กระเป๋าข้าง 2 ข้าง / กระเป๋าหลัง 2 ใบ

สไตล์: คลาสสิก เรียบง่าย ใส่ง่ายทุกวัน

เหมาะสำหรับ: ใส่เที่ยว ทำงาน หรือสไตล์ลำลอง

คำแนะนำในการดูแล: ซักเครื่องในน้ำเย็น หลีกเลี่ยงการใช้สารฟอกขาว และควรรีดด้วยไฟอ่อน","DENIM STUDIO Classic Straight-Leg Jeans – Blue

Enhance your everyday wardrobe with these classic straight-leg jeans from DENIM STUDIO. The versatile blue color pairs effortlessly with a variety of tops, making them perfect for daily wear. Featuring practical side and back pockets, these jeans combine style with functionality.

Material: High-quality denim – durable and comfortable

Color: Blue

Fit: Straight fit

Waist: Button and zip closure

Details: Two side pockets / Two back pockets

Style: Classic, simple, and everyday-friendly

Ideal for: Casual outings, work, or relaxed styles

Care Instructions: Machine wash cold. Do not bleach. Iron on low heat if necessary.","{""product_name"": ""DENIM STUDIO Classic Straight-Leg Jeans – Blue"", ""brand"": ""DENIM STUDIO"", ""category"": ""Men's Clothing"", ""type"": ""Pants"", ""pants_type"": ""Jeans"", ""style"": ""Classic"", ""color"": ""Blue"", ""material"": ""High-quality denim"", ""features"": {""fit"": ""Straight fit"", ""leg_style"": ""Straight"", ""waist"": ""Button and zip closure"", ""pockets"": {""side"": 2, ""back"": 2}, ""wrinkle_resistant"": false, ""lightweight"": false}, ""ideal_for"": [""Casual outings"", ""Work"", ""Relaxed styles""], ""care_instructions"": [""Machine wash cold"", ""Do not bleach"", ""Iron on low heat if necessary""], ""description"": ""Classic straight-leg jeans in blue, perfect for everyday wear with practical pockets.""}",Pants,20
URBAN STUDIO Classic Straight-Leg Jeans – Light Blue,https://drive.google.com/uc?export=download&id=1pojT0B5AJh7XHZnWm5UyJHqbAo-Tuu5S,"กางเกงยีนส์ทรงตรง สีฟ้าอ่อน สไตล์คลาสสิก จาก URBAN STUDIO

กางเกงยีนส์ทรงตรงที่ออกแบบมาเพื่อความสะดวกสบายและสไตล์ที่ไม่เคยตกยุค ด้วยสีฟ้าอ่อนที่สามารถจับคู่กับเสื้อผ้าได้หลากหลาย ตัวกางเกงมีดีเทลกระเป๋าหน้าและหลังเพื่อความสะดวกในการใช้งาน

วัสดุ: ผ้ายีนส์คุณภาพสูง ทนทานและระบายอากาศได้ดี

สี: ฟ้าอ่อน

ทรง: ทรงตรง (Straight Fit)

เอว: เอวปกติ พร้อมกระดุมและซิป

ดีเทล: กระเป๋าหน้า 2 ข้าง / กระเป๋าหลัง 2 ใบ

สไตล์: คลาสสิก ใส่ง่ายทุกวัน

เหมาะสำหรับ: ใส่เที่ยว ทำงาน หรือสไตล์ลำลอง

คำแนะนำในการดูแล: ซักเครื่องในน้ำเย็น หลีกเลี่ยงการใช้สารฟอกขาว และควรรีดด้วยไฟอ่อน","URBAN STUDIO Classic Straight-Leg Jeans – Light Blue

These straight-leg jeans from URBAN STUDIO offer timeless style and comfort. The light blue color is versatile and pairs well with a variety of tops. Featuring practical front and back pockets, these jeans are ideal for everyday wear.

Material: High-quality denim – durable and breathable

Color: Light blue

Fit: Straight fit

Waist: Regular waist with button and zip closure

Details: Two front pockets / Two back pockets

Style: Classic, easy-to-wear

Ideal for: Casual outings, work, or everyday casual style

Care Instructions: Machine wash cold. Do not bleach. Iron on low heat if necessary.","{""product_name"": ""URBAN STUDIO Classic Straight-Leg Jeans – Light Blue"", ""brand"": ""URBAN STUDIO"", ""category"": ""Men's Clothing"", ""type"": ""Pants"", ""pants_type"": ""Jeans"", ""style"": ""Classic"", ""color"": ""Light Blue"", ""material"": ""High-quality denim"", ""features"": {""fit"": ""Straight fit"", ""leg_style"": ""Straight"", ""waist"": ""Button and zip closure"", ""pockets"": {""side"": 2, ""back"": 2}, ""wrinkle_resistant"": false, ""lightweight"": false}, ""ideal_for"": [""Casual outings"", ""Work"", ""Everyday casual style""], ""care_instructions"": [""Machine wash cold"", ""Do not bleach"", ""Iron on low heat if necessary""], ""description"": ""These straight-leg jeans from URBAN STUDIO offer timeless style and comfort in a versatile light blue color.""}",Pants,21
URBAN CHIC Modern Wide-Leg Trousers – Caramel,https://drive.google.com/uc?export=download&id=1Pd0FkxB7uCAkQc3fqT33haoS5Ic1d1Qu,"กางเกงทรงหลวมขากระบอก สีคาราเมล สไตล์โมเดิร์น จาก URBAN CHIC

กางเกงขายาวทรงหลวมที่ออกแบบมาเพื่อความสบายและทันสมัย ด้วยโทนสีคาราเมลที่อบอุ่น สามารถจับคู่กับเสื้อได้หลากหลายสไตล์ ทั้งแบบทางการและลำลอง ตัวกางเกงมีทรงกระบอกกว้าง ช่วยเพิ่มความโปร่งสบายขณะสวมใส่ และดีเทลจีบด้านหน้าเพิ่มความหรูหรา

วัสดุ: ผ้าโพลีเอสเตอร์ผสมเรยอน ให้สัมผัสนุ่มและไม่ยับง่าย

สี: คาราเมล

ทรง: ทรงหลวม (Relaxed Fit) ขากระบอกกว้าง

เอว: เอวสูงพร้อมกระดุมและซิป

ดีเทล: จีบด้านหน้า / กระเป๋าข้าง 2 ข้าง

สไตล์: โมเดิร์น เรียบง่าย ใส่ง่ายทุกวัน

เหมาะสำหรับ: ใส่ทำงาน ออกงาน หรือสไตล์ Smart Casual

คำแนะนำในการดูแล: ซักเครื่องในน้ำเย็น หลีกเลี่ยงการใช้สารฟอกขาว และควรรีดด้วยไฟอ่อน","URBAN CHIC Modern Wide-Leg Trousers – Caramel

Enhance your modern wardrobe with these relaxed-fit, wide-leg trousers from URBAN CHIC. Designed with a warm caramel hue, these trousers add a touch of elegance while maintaining versatility. Featuring a comfortable wide-leg cut and front pleats, they are perfect for both formal and casual settings.

Material: Polyester-rayon blend – soft and wrinkle-resistant

Color: Caramel

Fit: Relaxed fit with wide legs

Waist: High waist with button and zip closure

Details: Front pleats / Two side pockets

Style: Modern, simple, and everyday-friendly

Ideal for: Office wear, events, or smart casual occasions

Care Instructions: Machine wash cold. Do not bleach. Iron on low heat if necessary.","{""product_name"": ""URBAN CHIC Modern Wide-Leg Trousers – Caramel"", ""brand"": ""URBAN CHIC"", ""category"": ""Men's Clothing"", ""type"": ""Pants"", ""pants_type"": ""Trousers"", ""style"": ""Modern"", ""color"": ""Caramel"", ""material"": ""Polyester-rayon blend"", ""features"": {""fit"": ""Relaxed fit"", ""leg_style"": ""Wide-leg"", ""waist"": ""High waist with button and zip closure"", ""pockets"": {""side"": 2, ""back"": 0}, ""wrinkle_resistant"": true, ""lightweight"": false}, ""ideal_for"": [""Office wear"", ""Events"", ""Smart casual occasions""], ""care_instructions"": [""Machine wash cold"", ""Do not bleach"", ""Iron on low heat if necessary""], ""description"": ""Enhance your modern wardrobe with these relaxed-fit, wide-leg trousers from URBAN CHIC. Designed with a warm caramel hue, these trousers add a touch of elegance while maintaining versatility.""}",Pants,22
VINTAGE STUDIO Minimalist Straight-Leg Trousers – White,https://drive.google.com/uc?export=download&id=1nf_jfR5760ezrsrHIklyvixfSB6foxm3,"กางเกงขายาวทรงตรง สีขาว สไตล์มินิมอล จาก VINTAGE STUDIO

กางเกงขายาวทรงตรงดีไซน์เรียบหรู ผลิตจากผ้าโพลีเอสเตอร์ผสมคอตตอนคุณภาพดี สัมผัสเบาสบายและไม่ยับง่าย มาพร้อมดีเทลจีบหน้าและกระเป๋าข้าง ใส่ง่าย แมทช์กับเสื้อผ้าได้หลากหลาย เหมาะสำหรับวันทำงาน งานทางการ หรือสไตล์ Smart Casual

วัสดุ: ผ้าโพลีเอสเตอร์ผสมคอตตอน (Polyester-Cotton Blend) น้ำหนักเบาและไม่ยับง่าย
สี: ขาว (White)
ทรง: ทรงตรง (Straight Fit)
เอว: เอวปกติ พร้อมกระดุมและซิปหน้า
ดีเทล: กระเป๋าข้าง 2 ข้าง / กระเป๋าหลัง 2 ใบ / จีบหน้า
สไตล์: มินิมอล สุภาพ กึ่งทางการ
เหมาะสำหรับ: ใส่ทำงาน ออกงาน หรือ Smart Casual
คำแนะนำในการดูแล: ซักเครื่องในน้ำเย็น หลีกเลี่ยงการใช้สารฟอกขาว และควรรีดด้วยไฟอ่อน","VINTAGE STUDIO Minimalist Straight-Leg Trousers – White

Elevate your look with these minimalist straight-leg trousers from VINTAGE STUDIO. Made from a high-quality polyester-cotton blend, they are lightweight and wrinkle-resistant, featuring sharp front pleats and practical side pockets. The clean white color and tailored fit make them perfect for office wear, formal occasions, or smart casual outfits.

Material: Polyester-cotton blend – lightweight and wrinkle-resistant
Color: White
Fit: Straight fit
Waist: Regular waist with button and zip closure
Details: Two side pockets / Two back pockets / Front pleats
Style: Minimalist, smart, semi-formal
Ideal for: Office wear, formal events, or smart casual looks
Care Instructions: Machine wash cold, do not bleach, iron on low heat if necessary","{
  ""product_name"": ""VINTAGE STUDIO Minimalist Straight-Leg Trousers – White"",
  ""brand"": ""VINTAGE STUDIO"",
  ""category"": ""Men's Clothing"",
  ""type"": ""Pants"",
  ""pants_type"": ""Trousers"",
  ""style"": ""Minimalist / Smart Casual"",
  ""color"": ""White"",
  ""material"": ""Polyester-cotton blend"",
  ""features"": {
    ""fit"": ""Straight fit"",
    ""leg_style"": ""Straight"",
    ""waist"": ""Button and zip closure"",
    ""pockets"": {
      ""side"": 2,
      ""back"": 2
    },
    ""wrinkle_resistant"": true,
    ""lightweight"": true
  },
  ""ideal_for"": [
    ""Office wear"",
    ""Formal events"",
    ""Smart casual looks""
  ],
  ""care_instructions"": [
    ""Machine wash cold"",
    ""Do not bleach"",
    ""Iron on low heat if necessary""
  ],
  ""description"": ""Minimalist straight-leg trousers from VINTAGE STUDIO made from a lightweight, wrinkle-resistant polyester-cotton blend, featuring front pleats and side pockets—perfect for office, formal, or smart casual occasions.""
}
",Pants,23
URBAN WEAR Classic Wide-Leg Trousers – Black,https://drive.google.com/uc?export=download&id=1hSlRmSPC3-Hky8uZy6uLYeUv0vRbUME_,"กางเกงขายาวทรงหลวม สีดำ สไตล์คลาสสิก จาก URBAN WEAR

กางเกงทรงหลวมขากว้างที่ออกแบบมาเพื่อความสบายและความหรูหราในทุกการสวมใส่ โทนสีดำที่เรียบง่ายและคลาสสิก สามารถจับคู่กับเสื้อผ้าได้หลากหลายสไตล์ เหมาะสำหรับทั้งการแต่งตัวแบบทางการและลำลอง กางเกงมีดีเทลจีบด้านหน้าและกระเป๋าข้างเพื่อเพิ่มความสะดวกสบาย

วัสดุ: ผ้าโพลีเอสเตอร์ ให้สัมผัสเบาและไม่ยับง่าย

สี: ดำ

ทรง: ทรงหลวม ขากว้าง

เอว: เอวปกติ พร้อมกระดุมและซิป

ดีเทล: กระเป๋าข้าง 2 ข้าง / กระเป๋าหลัง 1 ใบ / จีบด้านหน้า

สไตล์: คลาสสิก เรียบง่าย

เหมาะสำหรับ: ใส่ทำงาน ประชุม หรือโอกาสทางการ

คำแนะนำในการดูแล: ซักเครื่องในน้ำเย็น หลีกเลี่ยงการใช้สารฟอกขาว และควรรีดด้วยไฟอ่อน","URBAN WEAR Classic Wide-Leg Trousers – Black

Enhance your wardrobe with these classic wide-leg trousers from URBAN WEAR. Designed for both comfort and elegance, the black color offers timeless versatility, making it easy to pair with various outfits. Ideal for both formal and casual settings, these trousers feature front pleats and convenient side pockets.

Material: Polyester – lightweight and wrinkle-resistant

Color: Black

Fit: Relaxed fit with wide legs

Waist: Regular waistband with button and zip closure

Details: Two side pockets / One back pocket / Front pleats

Style: Classic, simple

Ideal for: Office wear, meetings, formal occasions

Care Instructions: Machine wash cold. Do not bleach. Iron on low heat if necessary.","{""product_name"": ""URBAN WEAR Classic Wide-Leg Trousers – Black"", ""brand"": ""URBAN WEAR"", ""category"": ""Men's Clothing"", ""type"": ""Pants"", ""pants_type"": ""Trousers"", ""style"": ""Classic"", ""color"": ""Black"", ""material"": ""Polyester"", ""features"": {""fit"": ""Relaxed fit"", ""leg_style"": ""Wide-leg"", ""waist"": ""Button and zip closure"", ""pockets"": {""side"": 2, ""back"": 1}, ""wrinkle_resistant"": true, ""lightweight"": true}, ""ideal_for"": [""Office wear"", ""Meetings"", ""Formal occasions""], ""care_instructions"": [""Machine wash cold"", ""Do not bleach"", ""Iron on low heat if necessary""], ""description"": ""Classic wide-leg trousers in black, offering comfort and elegance for both formal and casual settings.""}",Pants,24
